ABCB4;abc-brasil-pn-ej-n2;18589
ABEV3;ambev-pn;18599
AELP3;aes-elpa-sa;986323
AFLT3;afluente-transmissao-de-energia;993005
AFLU3;afluente-geracao-de-energia-eletric;993006
AGRO3;brasilagro-on-nm;18592
ALPA3;alpargatas-on-n1;18594
ALPA4;alpargatas-pn-n1;18595
ALSC3;aliansce-on-nm;18596
ALUP3;null;null
ALUP4;null;null
AMAR3;lojas-marisa-on;18597
ANIM3;anima-on;50507
ARZZ3;arezzo-co-on-ej-nm;18602
ATOM3;atom-participacoes-sa-em-recuperaca;962572
AZEV4;azevedo-travassos-sa;986325
BAHI3;bahema-sa;986326
BALM4;baumer-sa;986327
BAUH4;excelsior-alimentos-sa;986328
BAZA3;banco-da-amazonia-sa-on;940786
BBAS3;brasil-on;18604
BBDC3;bradesco-on-n1;18605
BBDC4;bradesco-pn-n1;18606
BBRK3;;
BBSE3;bbseguridad;50509
BBTG36;null;null
BEEF3;minerva-on-nm;18608
BEES3;banestes-sa-banco-do-estado;986330
BEES4;banestes-sa-banco-do-estado-pref;986331
BGIP3;banco-do-estado-de-sergipe-ord;993007
BGIP4;banco-do-estado-de-sergipe-sa;986332
BIOM3;biomm-on;102071
BMEB3;banco-mercantil-do-brasil-sa;986333
BMEB4;banco-mercantil-do-brasil-sa-pref;986334
BMIN3;banco-mercantil-de-investimentos-sa;986335
BMIN4;banco-mercantil-de-inves-pref;986336
BMKS3;bicicletas-monark-sa;986337
BNBR3;banco-do-nordeste-do-brasil-sa;986340
BOBR4;bombril-sa;986341
BPAN4;panamericano-pn;18614
BPHA3;br-pharma-on;18613
BRAP3;bradespar-on-n1;18615
BRAP4;bradespar-pn-n1;18616
BRFS3;brf-foods-on-ej-nm;18617
BRGE11;null;null
BRGE12;null;null
BRGE3;null;null
BRGE5;null;null
BRGE6;null;null
BRGE7;null;null
BRGE8;null;null
BRIN3;br-insurance-on-nm;18618
BRIV3;banco-alfa-de-investimento-sa;986342
BRIV4;banco-alfa-de-investimento-sa-pref;986343
BRKM3;braskem-on-n1;18619
BRKM5;braskem-pna-n1;18620
BRKM6;null;null
BRML3;br-malls-par-on-nm;18621
BRPR3;br-propert-on-nm;18622
BRSR3;banco-do-estado-do-rio-grande-do-su;977698
BRSR5;banrisul-pna-n1;30637
BRSR6;banrisul-pnb-n1;18623
BSEV3;biosev-on;50510
BSLI4;brb-banco-de-brasilia-sa;986344
BTOW3;b2w-varejo-on-nm;18626
BTTL3;battistella-administracao-e-part;986345
BTTL4;battistella-pn;18627
BVMF3;bmfbovespa-on-nm;18628
CAMB4;cambuci-pn;18629
CARD3;csu-cardsyst-on-nm;18630
CASN3;null;null
CASN4;null;null
CBMA3;null;null
CBMA4;null;null
CCPR3;cyre-com-ccp-on;18632
CCRO3;ccr-sa-on-nm;18633
CCXC3;ccx-carvao-da-colombia-sa;40427
CEBR3;companhia-energetica-de-brasilia;993010
CEBR6;null;null
CEDO3;companhia-de-fiacao-e-tecidos-cedro;993011
CEDO4;cedro-pn-n1;18634
CEEB3;companhia-eletricidade-bahia-coelba;986347
CEEB5;companhia-eletric-bahia-coelba-pref;986348
CEED3;ceee-d-on-n1;18635
CEED4;null;null
CEGR3;null;null
CEPE5;companhia-energetica-de-pernambuco;986351
CEPE6;null;null
CESP3;cesp-on-n1;40428
CESP5;cesp-pna;30638
CESP6;cesp-pnb;18636
CGAS3;companhia-de-gas-de-sao-paulo;986352
CGAS5;comgas-pna;18637
CGRA3;grazziotin-sa;40429
CGRA4;grazziotin-pn-ej;18638
CIEL3;cielo-on-nm;18639
CLSC4;celesc-sa;40430
CMIG3;cemig-on;18641
CMIG4;cemig-pn-n1;18642
COCE5;coelce-pna;18644
CORR4;null;null
CPFE3;cpfl-energia-on-nm;18645
CPLE3;copel-on;18646
CPLE6;copel-pnb;18647
CPRE3;cpfl-renovav-on;50511
CRDE3;cr2-on-nm;18648
CRIV3;financeira-alfa-sa-cfi-ord;986354
CRIV4;financeira-alfa-sa-cfi;976215
CRPG5;cristal-pigmentos-do-brasil-pref-a;986355
CRPG6;cristal-pigmentos-do-brasil-pref-b;986356
CSAB3;null;null
CSAB4;null;null
CSAN3;cosan-on-nm;18651
CSMG3;copasa-on;18652
CSNA3;sid-nacional-on;18653
CSRN3;companhia-energet-rio-grande-norte;986357
CSRN5;null;null
CSRN6;null;null
CTAX3;contax-pn;18654
CTIP3;cetip-on-ej-nm;18655
CTKA3;null;null
CTKA4;karsten-sa;986358
CTNM3;companhia-de-tecidos-norte-de-minas;986359
CTNM4;coteminas-pn;18656
CTSA3;companhia-tecidos-santanense;986360
CTSA4;companhia-tecidos-santanense-pref;986361
CVCB3;cvc-brasil-on;50513
CYRE3;cyrela-realt-on-nm;18657
CZLT33;cosan?cid=30639;30639
DAGB33;dufry-ag-bdr;958337
DASA3;dasa-on;18659
DIRR3;direcional-on-nm;18661
DOHL3;null;null
DOHL4;dohler-sa;986363
DTEX3;duratex-on-nm;18662
EALT4;electro-aco-altona-sa;986365
ECOR3;ecorodovias-on-nm;18663
EEEL3;ceee-gt-on-n1;18664
EEEL4;null;null
EGIE3;tractebel-on-nm;18790
EKTR3;null;null
EKTR4;elektro-eletricidade-e-servicos-sa;986366
ELEK3;elekeiroz-sa;986367
ELEK4;elekeiroz-pn;18665
ELET3;eletrobras-on;18666
ELET5;null;null
ELET6;eletrobras-pnb;18667
ELPL3;eletropaulo-on-n2;30640
ELPL4;eletropaulo-pn-n2;18668
EMAE4;emae-empresa-metropolitana-de-aguas;986368
EMBR3;embraer-on-nm;18669
ENBR3;energias-br-on;18670
ENEV3;eneva-sa;18735
ENGI3;energisa-sa-ord;986369
ENGI4;energisa-pn;18671
EQTL3;equatorial-on-nm;18672
ESTC3;estacio-part-on-nm;18673
ESTR3;null;null
ESTR4;manufatura-de-brinquedos-estrela-sa;986371
ETER3;eternit-on-ej-nm;18674
EUCA3;null;null
EUCA4;eucatex-pn-ej-n1;18675
EVEN3;even-on-nm;18676
EZTC3;eztec-on-nm;18677
FBMC4;null;null
FESA3;companhia-de-ferro-ligas-da-bahia;986372
FESA4;ferbasa-pn;18678
FHER3;fer-heringer-on-nm;18679
FIBR3;fibria-on-nm;18680
FIGE4;null;null
FJTA3;forjas-taurus-sa;40432
FJTA4;forja-taurus-pn-n2;18681
FLRY3;fleury-on-nm;18682
FRAS3;fras-le-sa;950042
FRIO3;metalfrio-on-nm;18684
FRTA3;renar-on-nm;18771
GEPA4;duke-energy-intl-geracao-para;950043
GFSA3;gafisa-adr?cid=18687;18687
GGBR3;gerdau-on-n1;18688
GGBR4;gerdau-pn-n1;18689
GOAU3;gerdau-met-on;18690
GOAU4;gerdau-met-pn;18691
GOLL4;gol-pn-es-n2;18692
GPAR3;companhia-celg-de-participacoes;993020
GPCP3;gpc-participacoes-sa-em-recuperacao;986375
GRND3;grendene-on-nm;18693
GSHP3;generalshopp-on;18694
GUAR3;guararapes-confeccoes-on;958338
GUAR4;guararapes-confeccoes-pn;958339
HAGA3;null;null
HAGA4;haga-sa-industria-e-comercio;986376
HBOR3;helbor-on-nm;18695
HBTS5;companhia-habitasul-participacoes;986377
HETA3;null;null
HETA4;hercules-sa-fabrica-de-talheres;986378
HGTX3;cia-hering-on-nm;18696
HOOT4;hoteis-othon-sa;986379
HYPE3;hypermarcas-on-nm;18698
IDNT3;ideiasnet-on-nm;18699
IDVL3;banco-indusval-sa;986380
IDVL4;indusval-pn-ej-n1;18700
IGBR3;gradiente-electronica-sa;959111
IGTA3;iguatemi-on-nm;18701
INEP3;inepar-on-n1;18703
INEP4;inepar-pn-n1;18704
ITSA3;itausa-on-ej-n1;18705
ITSA4;itausa-pn-ej-n1;18706
ITUB3;itauunibanco-on-edj-n1;18707
ITUB4;itauunibanco-pn-edj-n1;18708
JBDU3;industrias-jb-duarte-sa;986382
JBDU4;industrias-jb-duarte-sa-pref;986383
JBSS3;jbs-on-nm;18709
JFEN3;joao-fortes-on;18710
JHSF3;jhsf-part-on-nm;18711
JOPA4;josapar-joaquim-oliveira-pref;986385
JSLG3;jsl-on-nm;18712
KEPL3;kepler-weber-on;18713
KLBN3;klabin-sa;986386
KLBN4;klabin-s-a-pn-n1;18714
KROT3;kroton-on-nm;40433
LAME3;lojas-americ-on;18716
LAME4;lojas-americ-pn-int;18717
LCAM3;companhia-de-locacao-das-americas;40434
LEVE3;metal-leve-on-ej-nm;18718
LIGT3;light-s-a-on-nm;18719
LINX3;linx-on;50514
LIPR3;null;null
LLIS3;le-lis-blanc-on-nm;18720
LOGN3;log-in-on-nm;18722
LPSB3;lopes-brasil-on-nm;18723
LREN3;lojas-renner-on-nm;18724
LUPA3;lupatech-on-nm;18725
LUXM3;null;null
MAGG3;magnesita-sa-on-nm;18726
MDIA3;m.diasbranco-on-ej-nm;18727
MEAL3;imc-holdings-on;18702
MERC4;null;null
MGEL4;mangels-indl-pn-n1;18728
MGLU3;magaz-luiza-on-nm;18729
MILS3;mills-on-ej-nm;18730
MLFT3;null;null
MLFT4;jereissati-pn;18731
MMXM3;mmx-miner-on-nm;18732
MNDL3;mundial-sa-produtos-de-consumo;986390
MPLU3;multiplus-on-ej-nm;18734
MRFG3;marfrig-on-nm;18736
MRVE3;mrv-on-nm;18738
MSPA3;null;null
MSPA4;null;null
MTIG4;metal-iguacu-pn;18739
MTSA4;metisa-metalurgica-timboense-sa;986392
MULT3;multiplan-on-n2;18740
MWET3;null;null
MWET4;wetzel-sa;986393
MYPK3;iochp-maxion-on-nm;18741
NAFG4;null;null
NATU3;natura-on-nm;18742
NUTR3;nutriplant;102073
ODPV3;odontoprev-on-ej-nm;18743
OFSA3;ouro-fino-saude-animal-particip;950046
OGSA3;ogx-petroleo-e-gas-sa-em-recuperaca;986043
OIBR3;brasil-telec-on;18624
OIBR4;oi-pn;18625
OSXB3;osx-brasil-on-nm;18746
PARC3;fpc-par-corretora-de-seguros-sa;953902
PATI3;panatlantica-sa;993025
PCAR3;null;null
PCAR4;p.acucar-cbd-pn;18747
PDGR3;pdg-realt-on-nm;18748
PEAB3;null;null
PEAB4;alianca-da-bahia;986395
PETR3;petrobras-on;18749
PETR4;petrobras-pn;18750
PFRM3;profarma-on-nm;18751
PINE4;pine-pn-edj-n1;18752
PMAM3;paranapanema-on-n1;18754
PNVL3;dimed-sa-distribuidora-de-medicamen;986396
PNVL4;dimed-distribuidora-medicamen-pref;986397
POMO3;marcopolo-on-n2;18755
POMO4;marcopolo-pn-n2;18756
POSI3;positivo-inf-on-nm;18757
PRBC4;parana-pn-ej-n1;18758
PRIO3;hrt-petroleo-on-nm;18697
PRML3;llx-log-on-nm;18721
PSSA3;porto-seguro-on-ej-nm;18760
PTBL3;portobello-on-nm;18761
PTNT3;null;null
PTNT4;pettenati-pn;18762
QGEP3;qgep-part-on-nm;18763
QUAL3;qualicorp-on-nm;18764
RADL3;raiadrogasil-on-nm;40436
RAPT3;randon-part-on-n1;18765
RAPT4;randon-part-pn-n1;18766
RCSL3;recrusul-sa;986400
RCSL4;recrusul-sa-pref;986401
RDNI3;rodobensimob-on-nm;18768
REDE3;rede-energia-sa;986402
REDE4;rede-energia-sa-pref;986403
RENT3;localiza-on-ej-nm;18770
RLOG3;cosan-logistica-sa;950047
RNEW3;null;null
ROMI3;inds-romi-on-nm;18773
RPAD3;alfa-holdings-sa;993030
RPAD5;alfa-holdings-sa-a;986404
RPAD6;alfa-holdings-sa-b;986405
RPMG3;refinaria-de-petroleos-de-manguinho;976493
RSID3;rossi-resid-on-nm;18774
RSUL4;null;null
RUMO3;all-amer-lat-on-nm;18593
SANB3;banco-santander-sa-b3;943639
SANB4;banco-santander-brasil-sa;30641
SAPR3;null;null
SAPR4;companhia-de-saneamento-do-parana-s;969126
SBSP3;sabesp-on;18776
SCAR3;sao-carlos-on-nm;18777
SEDU3;abril-educacao-sa;950041
SEER3;ser-educa-on;50515
SGPS3;springs-on-nm;18779
SHOW3;time-for-fun-on;18780
SHUL4;schulz-sa;961996
SLCE3;slc-agricola-on-nm;18781
SLED3;saraiva-sa-livreiros-editores;986409
SLED4;saraiva-livr-pn-n2;18782
SMLE3;smiles-on;50516
SMTO3;sao-martinho-on-nm;18783
SNSL3;senior-sol;102070
SSBR3;sierrabrasil-on-nm;18784
STBP3;santos-brp-on-n2;30642
SULA11;sul-america-unt-n2;18786
SULT3;;
SULT4;null;null
SUZB5;suzano-papel-pna-ej-n1;18787
SUZB6;null;null
TCSA3;tecnisa-on-nm;18791
TECN3;technos-on-nm;18792
TELB3;telecomunicacoes-brasileiras-sa;986415
TELB4;telecomunicacoes-brasileira-sa-pref;959114
TESA3;v-agro-on;18813
TGMA3;tegma-on-nm;18796
TIET3;aes-tiete-on;18685
TIET4;aes-tiete-pn;18686
TIMP3;tim-part-s-a-on-nm;18797
TKNO4;null;null
TOTS3;totvs-on-ej-nm;18801
TPIS3;triunfo-part-on-nm;18802
TRIS3;trisul-on-nm;18803
TRPL3;cteep-companhia-transmissao-energia;986417
TRPL4;tran-paulist-pn;18805
TRPN3;tarpon-inv-on-nm;18806
TUPY3;tupy-on;50517
UCAS3;unicasa-industria-de-moveis;40437
UGPA3;ultrapar-on-nm;18807
UNIP3;unipar-on-n1;18808
UNIP5;unipar-carbocloro-sa;986418
UNIP6;unipar-pnb-n1;18809
USIM3;usiminas-on;18811
USIM5;usiminas-pna;18812
USIM6;usinas-siderurgicas-minas-gerais;986419
VALE3;vale-on-n1;18814
VALE5;vale-pna-n1;18815
VIVR3;viver-on-nm;18816
VIVT3;telef-brasil-on;18817
VIVT4;telef-brasil-pn;18818
VLID3;valid-on-nm;18819
VSPT3;ferrovia-centro-atlantica-sa;993032
